{"stats":{"minecraft:mined":{"minecraft:tall_grass":8,"minecraft:grass":24,"minecraft:acacia_log":7,"minecraft:oak_leaves":3},"minecraft:custom":{"minecraft:jump":26,"minecraft:time_since_rest":4227,"minecraft:damage_dealt":292,"minecraft:sprint_one_cm":13300,"minecraft:play_time":4227,"minecraft:damage_taken":40,"minecraft:time_since_death":4227,"minecraft:walk_one_cm":15929,"minecraft:total_world_time":4227,"minecraft:fall_one_cm":888,"minecraft:fly_one_cm":2096},"minecraft:crafted":{"minecraft:crafting_table":1,"minecraft:acacia_planks":28},"minecraft:picked_up":{"minecraft:wheat_seeds":4,"minecraft:acacia_log":7}},"DataVersion":3120}