{"stats":{"minecraft:killed_by":{"minecraft:spider":1},"minecraft:mined":{"minecraft:tall_grass":6,"minecraft:grass":86},"minecraft:picked_up":{"minecraft:wheat_seeds":6},"minecraft:custom":{"minecraft:jump":46,"minecraft:time_since_rest":2724,"minecraft:damage_dealt":18,"minecraft:leave_game":1,"minecraft:deaths":1,"minecraft:sprint_one_cm":12320,"minecraft:play_time":4210,"minecraft:damage_taken":390,"minecraft:time_since_death":2692,"minecraft:walk_one_cm":12226,"minecraft:total_world_time":4210,"minecraft:fall_one_cm":965,"minecraft:fly_one_cm":6382}},"DataVersion":3120}